title,developer,content_rating,installs,genre,ad_supported,rating_score,ratings_count,reviews_count,iap_price_range,last_updated
Subway Surfers City,SYBO Games,Everyone 10+,10000000,Action,True,4.649141,320557,7607,$0.99 - $99.99 per item,1784909516
Sudoku.com - Sudoku Puzzle,Easybrain,Everyone,100000000,Puzzle,True,4.734665,2457710,86086,$2.49 - $14.99 per item,1783000084
Arrows – Puzzle Escape,Lessmore GmbH,Everyone,100000000,Puzzle,True,4.8369827,1871586,19779,$1.49 - $40.00 per item,1785928979
Head Ball 2 - Online Soccer,Masomo Gaming,Everyone,100000000,Sports,True,4.560878,2574280,32295,$0.29 - $249.99 per item,1786033789
Tile Club - Match Puzzle Games,GamoVation,Everyone,100000000,Puzzle,True,4.823105,831005,5668,$0.99 - $99.99 per item,1785277496
CookieRun Classic,Devsisters Corporation,Everyone,1000000,Adventure,False,4.65,91418,251,$0.99 - $64.99 per item,1785155935
Gardenscapes,Playrix,Everyone,500000000,Casual,False,4.7512765,13288853,354141,$0.49 - $99.99 per item,1785171511
Talking Tom Gold Run,Outfit7 Limited,Everyone,500000000,Action,True,4.3436522,6421964,51258,$0.99 - $149.99 per item,1783517723
Asphalt Legends - Racing Game,Gameloft SE,Everyone 10+,100000000,Racing,True,4.34928,2859282,71874,$0.29 - $199.99 per item,1784894759
Goods Puzzle: Sort Challenge™,FALCON GAMES,Everyone,50000000,Puzzle,True,4.6872396,740815,7951,$0.99 - $181.99 per item,1785390781
Magic Tiles 3™ - Piano Game,AMANOTES PTE. LTD.,Everyone 10+,500000000,Music,True,4.585878,3500538,110934,$0.99 - $49.99 per item,1785845427
Temple Run 2,Imangi Studios,Everyone 10+,1000000000,Action,True,4.0880527,9850471,372058,$0.99 - $49.99 per item,1785858501
Cookie Jam™ Match 3 Games,"Jam City, Inc.",Everyone,50000000,Puzzle,True,4.6171184,1195635,162966,$0.49 - $299.99 per item,1785532125
PAC-MAN 256 - Endless Maze,BANDAI NAMCO Entertainment Europe,Everyone,10000000,Arcade,True,4.1561837,474206,28477,$0.99 - $4.99 per item,1777537375
Arrow Puzzle: Tap Puzzle Games,Easybrain,Everyone,50000000,Puzzle,True,4.8402877,1099540,4425,$14.99 per item,1784365818
Angry Birds 2,Rovio Entertainment Oy,Everyone,100000000,Casual,True,4.0922294,6309032,274489,$0.99 - $249.99 per item,1785401372
Shadow Fight 2,NEKKI,Everyone 10+,100000000,Action,True,4.637406,16690853,280788,$0.99 - $49.99 per item,1783336914
Meowdoku: Brain Puzzle Games,Oakever Games,Everyone,10000000,Puzzle,True,4.614153,213038,7169,$3.99 - $69.99 per item,1786369043
Crossmath® - Math Puzzle Games,Guru Puzzle Game,Everyone,10000000,Puzzle,True,4.8132863,857260,9722,$0.99 - $10.99 per item,1782378462
Find It Out® - Hidden Object,Guru Puzzle Game,Everyone,10000000,Puzzle,True,4.890752,402711,7291,$0.99 - $99.99 per item,1782298547
Magic Sort!,Grand Games A.Ş.,Everyone,10000000,Puzzle,True,4.52227,410346,3733,$0.99 - $199.99 per item,1785954619
Candy Crush Saga,King,Everyone,1000000000,Casual,True,4.628028,38916811,2089997,$0.99 - $149.99 per item,1786349769
Blockudoku®: Block Puzzle Game,Easybrain,Everyone,100000000,Puzzle,True,4.6081147,1286660,32887,$14.99 per item,1786371654
Asphalt 8 - Car Racing Game,Gameloft SE,Everyone 10+,500000000,Racing,True,4.586038,11969791,285755,$0.29 - $149.99 per item,1785930343
Red Ball 4,FDG Entertainment GmbH & Co.KG,Everyone,100000000,Arcade,True,4.636224,3591704,70056,$4.99 - $8.99 per item,1784826007
Toon Blast,Peak,Everyone,100000000,Puzzle,True,4.634421,4629053,390575,$0.49 - $199.99 per item,1785508205
Hill Climb Racing 2,Fingersoft,Everyone,100000000,Racing,True,4.4688377,4706849,147050,$0.99 - $200.00 per item,1782197244
Crossy Road,HIPSTER WHALE,Everyone,100000000,Action,True,4.4535365,4571718,349172,$0.49 - $29.99 per item,1784874460
Need for Speed™ No Limits,ELECTRONIC ARTS,Everyone 10+,100000000,Racing,False,4.3937087,5244277,118146,$0.99 - $99.99 per item,1784302204
Bouncemasters: Penguin Games,CASUAL AZUR GAMES,Everyone,100000000,Arcade,True,4.4846635,578197,23112,$0.99 - $94.99 per item,1785858951
Block Blast!,HungryStudio,Everyone,1000000000,Puzzle,True,4.8540034,5205448,74525,$4.99 - $49.99 per item,1786373140
Royal Match,"Dream Games, Ltd.",Everyone,100000000,Puzzle,False,4.636758,10608043,99765,$0.99 - $99.99 per item,1785505862
Royal Kingdom,"Dream Games, Ltd.",Everyone,100000000,Puzzle,False,4.6183424,2511312,26377,$0.99 - $99.99 per item,1785505771
Plants vs. Zombies™,ELECTRONIC ARTS,Everyone 10+,500000000,Strategy,True,3.7518868,5722698,116749,$0.99 - $7.99 per item,1784698269
Offline Games - No Wifi Games,JindoBlu,Everyone,100000000,Casual,True,4.5972767,480391,14444,$1.99 - $10.99 per item,1785951994
Jigsaw Puzzles - Puzzle Games,Easybrain,Everyone,100000000,Puzzle,True,4.784783,2348528,106894,$0.99 - $14.99 per item,1785508463
Fishdom,Playrix,Everyone,100000000,Puzzle,False,4.610856,6716647,295126,$0.99 - $129.99 per item,1786118812
Temple Run,Imangi Studios,Everyone,500000000,Arcade,True,4.2274704,5144687,324665,$0.99 - $19.99 per item,1783605125
Homescapes,Playrix,Everyone,500000000,Casual,False,4.7283545,13351373,370684,$0.29 - $199.99 per item,1786039939
Candy Crush Soda Saga,King,Everyone,500000000,Casual,True,4.576346,8857323,390361,$0.99 - $149.99 per item,1785514541
Fruit Ninja®,Halfbrick Studios,Everyone,500000000,Arcade,True,4.45313,5336912,212326,$0.99 - $179.99 per item,1785999508
Tiles Hop Music & Ball Game,AMANOTES PTE. LTD.,Everyone 10+,500000000,Music,True,4.30304,3359010,80342,$0.99 - $49.99 per item,1786428309
Galaxiga: Galaxy Arcade Game,1SOFT,Everyone 10+,100000000,Arcade,True,4.7376356,451312,37971,$0.49 - $339.99 per item,1786325714
Pinball Deluxe: Reloaded,Made Of Bits,Everyone,5000000,Arcade,True,4.7118793,93966,8406,$0.99 - $19.99 per item,1782952171
Vita Mahjong,Vita Studio.,Everyone,100000000,Board,True,4.8368163,5937899,66633,$0.99 - $49.99 per item,1786102520
Subway Surfers,SYBO Games,Everyone 10+,1000000000,Arcade,True,4.5514746,41572670,1755644,$0.99 - $99.99 per item,1786093992
Geometry Dash Lite,RobTop Games,Everyone 10+,500000000,Arcade,True,4.4147625,7766118,496687,,1769781830
Royal Smash! - Physics Puzzle,Cypher Games,Everyone,1000000,Casual,True,4.6118836,158834,872,$1.99 - $99.99 per item,1786354926
Amaze GO!,Oakever Games,Everyone,50000000,Puzzle,True,4.6409006,192348,5319,,1786121476
Lemmings: Puzzle Survival,Exient,Everyone 10+,10000000,Puzzle,True,4.1955495,173949,12345,$0.99 - $99.99 per item,1785233732
Cut the Rope,ZeptoLab,Everyone,100000000,Puzzle,True,4.4483986,2696352,93633,$0.49 - $197.99 per item,1786034397
Tile Explorer - Triple Match,Oakever Games,Everyone,100000000,Puzzle,True,4.8815203,2182812,12212,$0.99 - $44.99 per item,1786116253
Best Fiends - Match 3 Puzzles,Playtika,Everyone,50000000,Casual,True,4.6129327,2271909,185279,$0.99 - $99.99 per item,1785998859
Art Puzzle - Puzzle Games,Easybrain,Everyone,100000000,Puzzle,True,4.782398,1868614,42658,$0.99 - $14.99 per item,1784557564
Super Mario Run,"Nintendo Co., Ltd.",Everyone,100000000,Action,False,3.884851,1667505,90643,$9.99 per item,1778576009
Toy Blast,Peak,Everyone,100000000,Puzzle,True,4.651134,3205633,301964,$0.99 - $99.99 per item,1786122444
Matching Story - Puzzle Games,VERTEX GAMES PTE. LTD.,Everyone,5000000,Casual,False,4.853304,349888,10977,$0.99 - $99.99 per item,1785496647
Happy Color®: Color by Number,X-FLOW,Everyone,100000000,Board,True,4.5693083,3876335,400964,$1.99 - $7.99 per item,1784184317
Vector,NEKKI,Everyone 10+,100000000,Arcade,True,4.700428,3664557,108650,$0.99 - $129.99 per item,1784135181
Two Dots: Brain Puzzle Games,PlayDots,Everyone,50000000,Board,True,4.2694488,1159218,87718,$0.99 - $119.99 per item,1786005029
Minion Rush: Running Game,Gameloft SE,Everyone 10+,500000000,Casual,True,4.4585776,10396433,585100,$0.29 - $99.99 per item,1785242215
Color Block: Combo Blast,Ivy,Everyone,50000000,Puzzle,True,4.444126,54116,852,$4.99 per item,1786333568
Space shooter - Galaxy attack,Unicorn Studio Official,Everyone,100000000,Arcade,True,4.8213286,1913068,39534,$0.99 - $59.99 per item,1785585958
Harry Potter: Puzzles & Spells,Zynga,Everyone,10000000,Puzzle,True,4.698696,912473,53265,$0.99 - $169.99 per item,1786335863
Farm Heroes Saga,King,Everyone,100000000,Casual,True,4.6398144,9831961,431722,$0.99 - $239.99 per item,1785758189
Nonogram.com - Puzzle Games,Easybrain,Everyone,50000000,Puzzle,True,4.586012,897175,18995,$3.99 - $14.99 per item,1783599945
2248 - Numbers Game 2048,Inspired Square FZE,Everyone,50000000,Puzzle,True,4.864861,864882,23360,$0.99 - $99.99 per item,1786106849
Galaxy Conqueror,Rhinos,Everyone 10+,1000,Strategy,False,4.4468083,69,6,$0.99 - $99.99 per item,1779801564
Hungry Shark Evolution,Ubisoft Entertainment,Teen,500000000,Arcade,True,4.49262,7572922,244780,$0.99 - $99.99 per item,1783927864
Match Factory!,Peak,Everyone,10000000,Puzzle,False,4.6622777,688051,23661,$0.99 - $199.99 per item,1786117913
Talking Tom: Hero Dash Run,Outfit7 Limited,Everyone,500000000,Action,True,4.267355,2097177,11569,$0.99 - $114.99 per item,1784024849
Sonic Dash Run,SEGA,Everyone,500000000,Arcade,True,4.6976466,6513357,416807,$0.99 - $99.99 per item,1783522540
Where's My Seat?・Logic Puzzles,Smartmove Global,Everyone,1000000,Puzzle,True,4.7652173,9310,173,$0.99 - $99.99 per item,1785817627
Cooking Madness: A Chef's Game,ZenLife Games Ltd,Teen,100000000,Arcade,True,4.7699466,3267778,78033,$0.99 - $199.99 per item,1785152381
